<?xml version="1.0" encoding="utf-8" ?>

<!--一条记录创建一个Config-->

<Configs>

  <!--职业身份-->

  <Config url="Squad/Experience/Traits/Pilot">

    <Values>

      <Value name="desc"><![CDATA[飞行员在飞行时可以提供帮助,希望不要帮倒忙.]]></Value>

    </Values>

  </Config>

  <Config url="Squad/Experience/Traits/Engineer">

    <Values>

      <Value name="desc"><![CDATA[工程师能够修复损坏的部分,如果还能修的话.]]></Value>

    </Values>

  </Config>

  <Config url="Squad/Experience/Traits/Scientist">

    <Values>

      <Value name="desc"><![CDATA[科学家可以提高科学实验数据的价值,再也不怕科技点不够用了.]]></Value>

    </Values>

  </Config>

  <Config url="Squad/Experience/Traits/Tourist">

    <Values>

      <Value name="desc"><![CDATA[游客是花钱出去玩的,目的是看到新奇和令人兴奋的地方.]]></Value>

    </Values>

  </Config>

</Configs>
