﻿<zh>
<string name="Disabled"><![CDATA[停止工作]]></string>
<string name="Pitch"><![CDATA[俯仰控制]]></string>
<string name="Yaw"><![CDATA[偏航控制]]></string>
<string name="Roll"><![CDATA[滚转控制]]></string>
<string name="Flow Rate"><![CDATA[流速]]></string>
<string name="Fuel"><![CDATA[燃料]]></string>
<string name="Flow"><![CDATA[流量]]></string>
<string name="Fuel"><![CDATA[燃料]]></string>
<string name="Consumption"><![CDATA[消耗]]></string>
<string name="Specific Impulse"><![CDATA[比冲]]></string>
<string name="State"><![CDATA[状态]]></string>
<string name="Comm"><![CDATA[天线状态]]></string>
<string name="Energy Flow"><![CDATA[能量流量]]></string>
<string name="Status"><![CDATA[状态]]></string>
<string name="Sun Exposure"><![CDATA[]]></string>
<string name="Thrust"><![CDATA[推力]]></string> 
<string name="Fuel Flow"><![CDATA[燃料流量]]></string>
<string name="Status"><![CDATA[状态]]></string>
<string name="Cause"><![CDATA[原因]]></string>
<string name="Thrust Limiter"><![CDATA[推力限制]]></string>
<string name="Display"><![CDATA[显示]]></string>
<string name="Efficiency"><![CDATA[效率]]></string>
<string name="Start"><![CDATA[开始]]></string>
<string name="Altitude"><![CDATA[高度]]></string>
<string name="Min Pressure"><![CDATA[最低气压]]></string>
<string name="RCS Isp"><![CDATA[RCS比冲]]></string>
<string name="Reaction Wheels"><![CDATA[动量轮]]></string>
<string name="Status"><![CDATA[状态]]></string>
<string name="Flow"><![CDATA[流量]]></string>
<string name="Air Speed"><![CDATA[空气流速]]></string>
<string name="Drag"><![CDATA[阻力]]></string>
<string name="Status"><![CDATA[状态]]></string>
<string name="Samplemass"><![CDATA[样本质量]]></string>
<string name="Sampleof"><![CDATA[样本]]></string>
<string name="Samplemass"><![CDATA[样本质量]]></string>
<string name="Sampleof"><![CDATA[样本]]></string>
<string name="Lab Status"><![CDATA[实验室状态]]></string>
<string name="Reaction Wheels"><![CDATA[动量轮]]></string>
<string name="State"><![CDATA[状态]]></string>
<string name="Locker"><![CDATA[已锁定]]></string>
</zh>
