﻿<zh>
<string name="Decouple"><![CDATA[分离]]></string>
<string name="Auto Dock"><![CDATA[自动对接]]></string>
<string name="Undock"><![CDATA[分离对接]]></string>
<string name="PickUp"><![CDATA[捡起]]></string>
<string name="Read Plaque"><![CDATA[查看信息]]></string>
<string name="Take Down"><![CDATA[取下]]></string>
<string name="Enable flow"><![CDATA[允许燃油流通]]></string>
<string name="Disable flow"><![CDATA[禁止燃油流通]]></string>
<string name="Enable flow"><![CDATA[允许燃油流通]]></string>
<string name="Disable flow"><![CDATA[禁止燃油流通]]></string>
<string name="Lower"><![CDATA[降下]]></string>
<string name="Raise"><![CDATA[升起]]></string>
<string name="Board"><![CDATA[登船]]></string>
<string name="Lower"><![CDATA[降下]]></string>
<string name="Raise"><![CDATA[升起]]></string>
<string name="Release Clamp"><![CDATA[分离连接]]></string>
<string name="Decouple"><![CDATA[分离]]></string>
<string name="Decouple Node"><![CDATA[分离连接点]]></string>
<string name="Undock Node"><![CDATA[对接分离]]></string>
<string name="Toggle Gear"><![CDATA[开关起落架]]></string>
<string name="Control from Here"><![CDATA[从这里控制]]></string>
<string name="Control From Here"><![CDATA[从这里控制]]></string>
<string name="Open Shield"><![CDATA[打开挡板]]></string>
<string name="Close Shield"><![CDATA[关闭挡板]]></string>
<string name="Rename Vessel"><![CDATA[重命名飞船]]></string>
<string name="Transmit Data"><![CDATA[传输数据]]></string>
<string name="Stop Transmitting"><![CDATA[停止传输]]></string>
<string name="Decouple"><![CDATA[分离]]></string>
<string name="Extend Panels"><![CDATA[展开太阳能板]]></string>
<string name="Retract Panels"><![CDATA[收回太阳能板]]></string>
<string name="Fire"><![CDATA[发射]]></string>
<string name="Toggle"><![CDATA[开关]]></string>
<string name="Activate Engine"><![CDATA[启动引擎]]></string>
<string name="Shutdown Engine"><![CDATA[关闭引擎]]></string>
<string name="Toggle Display"><![CDATA[开关显示]]></string>
<string name="Activate Generator"><![CDATA[启动发电机]]></string>
<string name="Shutdown Generator"><![CDATA[关闭发电机]]></string>
<string name="Free Gimbal"><![CDATA[解锁喷口]]></string>
<string name="Lock Gimbal"><![CDATA[锁定喷口]]></string>
<string name="Disable brakes"><![CDATA[松开刹车]]></string>
<string name="Enableb rakes"><![CDATA[刹车]]></string>
<string name="Lower Gear"><![CDATA[放下起落架]]></string>
<string name="Raise Gear"><![CDATA[收回起落架]]></string>
<string name="Lights Off"><![CDATA[关灯]]></string>
<string name="Lights On"><![CDATA[开灯]]></string>
<string name="Cut Parachute"><![CDATA[切断伞绳]]></string>
<string name="Deploy Chute"><![CDATA[释放降落伞]]></string>
<string name="Repack Chute"><![CDATA[打包降落伞]]></string>
<string name="Disable RCS Port"><![CDATA[禁用RCS喷口]]></string>
<string name="Enable RCS Port"><![CDATA[启用RCS喷口]]></string>
<string name="Toggle Torque"><![CDATA[开关动量轮]]></string>
<string name="Toggle"><![CDATA[开关]]></string>
<string name="Open Intake"><![CDATA[打开进气口]]></string>
<string name="Close Intake"><![CDATA[关闭进气口]]></string>
<string name="Collect"><![CDATA[收集]]></string>
<string name="Discard"><![CDATA[丢弃]]></string>
<string name="Transfer"><![CDATA[传输]]></string>
<string name="Discard"><![CDATA[丢弃]]></string>
<string name="Clean Experiments"><![CDATA[清除实验数据]]></string>
<string name="Process LabData"><![CDATA[处理数据]]></string>
<string name="Automatic Switching"><![CDATA[自动开关]]></string>
<string name="Manual Switching"><![CDATA[手动开关]]></string>
<string name="Toggle Mode"><![CDATA[开关模式]]></string>
<string name="Extend Ladder"><![CDATA[放下梯子]]></string>
<string name="Retract Ladder"><![CDATA[收回梯子]]></string>
<string name="LiquidFuel"><![CDATA[液体燃料]]></string>
<string name="XenonGas"><![CDATA[氙气]]></string>
<string name="SolidFuel"><![CDATA[固体燃料]]></string>
<string name="ElectricCharge"><![CDATA[电力存储]]></string>
<string name="IntakeAir"><![CDATA[进气量]]></string>
<string name="Oxidizer"><![CDATA[氧化剂]]></string>
<string name="MonoPropellant"><![CDATA[RCS推进剂]]></string>
<string name="EVA Propellant"><![CDATA[EVA推进剂]]></string>

<string name="Stage Only"><![CDATA[只看当前级]]></string>

<string name="LaunchPad"><![CDATA[发射台]]></string>
<string name="KerbinShores"><![CDATA[Kerbin的海岸]]></string>

<string name="Crew Report"><![CDATA[舱内报告]]></string>
<string name="Discard Crew Report"><![CDATA[丢弃舱内报告]]></string>
<string name="Review Report"><![CDATA[查看舱内报告]]></string>

<string name="Decouple"><![CDATA[分离]]></string>
<string name="Lower Legs"><![CDATA[降下着陆架]]></string>
<string name="Raise Legs"><![CDATA[升起着陆架]]></string>
<string name="Toggle Legs"><![CDATA[升起/降下着陆架]]></string>
<string name="Raise/Lower Legs"><![CDATA[升起/降下着陆架]]></string>
<string name="Toggle Lock"><![CDATA[开关锁定]]></string>
<string name="Release Clamp"><![CDATA[释放夹具]]></string>
<string name="Decouple"><![CDATA[分离]]></string>
<string name="Decouple"><![CDATA[分离]]></string>
<string name="Extend Panel"><![CDATA[展开太阳能板]]></string>
<string name="Toggle Panels"><![CDATA[展开/收起太阳能板]]></string>
<string name="Retract Panel"><![CDATA[收起太阳能板]]></string>
<string name="Activate Engine"><![CDATA[激活引擎]]></string>
<string name="Toggle Engine"><![CDATA[开关引擎]]></string>
<string name="Shutdown Engine"><![CDATA[关闭引擎]]></string>
<string name="Shutdown"><![CDATA[关闭]]></string>
<string name="Toggle Display"><![CDATA[开关显示]]></string>
<string name="Activate Generator"><![CDATA[启动发电机]]></string>
<string name="Shutdown Generator"><![CDATA[关闭发电机]]></string>
<string name="Toggle Generator"><![CDATA[开关发电机]]></string>
<string name="Toggle Gimbal"><![CDATA[开关矢量推进]]></string>
<string name="Jettison"><![CDATA[抛弃外壳]]></string>
<string name="Brakes"><![CDATA[刹车]]></string>
<string name="Disabled"><![CDATA[停止工作]]></string>
<string name="Raise/Lower Gear"><![CDATA[升起/降下起落架]]></string>
<string name="Turn Light Off"><![CDATA[关闭照明灯]]></string>
<string name="Turn Light On"><![CDATA[开启照明灯]]></string>
<string name="ToggleLight"><![CDATA[开关照明灯]]></string>
<string name="Cut Chute"><![CDATA[切断伞绳]]></string>
<string name="Deploy"><![CDATA[部署]]></string>
<string name="Toggle RCS Thrust"><![CDATA[开关RCS喷口]]></string>
<string name="Activate"><![CDATA[启动]]></string>
<string name="Deactivate"><![CDATA[关闭]]></string>
<string name="Toggle"><![CDATA[开关动量轮]]></string>
<string name="Toggle Intake"><![CDATA[开关进气口]]></string>
<string name="Activate Engine"><![CDATA[激活引擎]]></string>
<string name="Switch Mode"><![CDATA[开关模式]]></string>
<string name="Toggle Engine"><![CDATA[开关引擎]]></string>
<string name="Shutdown Engine"><![CDATA[关闭引擎]]></string>
<string name="Extend"><![CDATA[展开]]></string>
<string name="Retract"><![CDATA[收起]]></string>
<string name="Toggle Ladder"><![CDATA[开关梯子]]></string>
<string name="Invert Steering"><![CDATA[反向操纵]]></string>
<string name="Lock Steering"><![CDATA[禁用转向]]></string>
<string name="Unlock Steering"><![CDATA[启用转向]]></string>
<string name="Toggle Steering"><![CDATA[开关转向]]></string>
<string name="Toggle Motor"><![CDATA[开关马达]]></string>
<string name="Toggle Antenna"><![CDATA[开关天线]]></string>
<string name="Set as Target"><![CDATA[设置为目标]]></string>

<string name="AUTO"><![CDATA[自动]]></string>
<string name="FREE"><![CDATA[自由]]></string>
<string name="CHASE"><![CDATA[追踪]]></string>

<string name="Alternator"><![CDATA[转换器]]></string>

<string name="Log Temperature"><![CDATA[记录温度]]></string>
<string name="Log Gravity Data"><![CDATA[记录引力数据]]></string>
<string name="Log Seismic Data"><![CDATA[记录振动加速度数据]]></string>
<string name="Log Pressure Data"><![CDATA[记录气压数据]]></string>
<string name="Delete Data"><![CDATA[删除数据]]></string>
<string name="Toggle Doors"><![CDATA[开关舱门]]></string>
<string name="Observe Material Bay"><![CDATA[观察样本舱]]></string>
<string name="Reset Material Bay"><![CDATA[重置样本舱]]></string>
<string name="Toggle Cover"><![CDATA[开关挡板]]></string>
<string name="Observe Mystery Goo"><![CDATA[观察神秘胶体]]></string>
<string name="Reset Goo Canister"><![CDATA[重置储存罐]]></string>
<string name="Run Atmosphere Analysis"><![CDATA[大气分析]]></string>
<string name="Discard Data"><![CDATA[丢弃数据]]></string>
<string name="Retracted"><![CDATA[已收起]]></string>
<string name="Deployed"><![CDATA[已放下]]></string>
<string name="Lock Suspension"><![CDATA[锁定悬挂]]></string>
<string name="UnLock Suspension"><![CDATA[解锁悬挂]]></string>
<string name="Active"><![CDATA[已启用]]></string>
<string name="Inactive"><![CDATA[已禁用]]></string>
<string name="Stage"><![CDATA[分级]]></string>
<string name="Gear"><![CDATA[起落架]]></string>
<string name="Light"><![CDATA[灯光]]></string>
<string name="Abort"><![CDATA[紧急放弃任务]]></string>
<string name="Custom01"><![CDATA[自定义动作01]]></string>
<string name="Custom02"><![CDATA[自定义动作02]]></string>
<string name="Custom03"><![CDATA[自定义动作03]]></string>
<string name="Custom04"><![CDATA[自定义动作04]]></string>
<string name="Custom05"><![CDATA[自定义动作05]]></string>
<string name="Custom06"><![CDATA[自定义动作06]]></string>
<string name="Custom07"><![CDATA[自定义动作07]]></string>
<string name="Custom08"><![CDATA[自定义动作08]]></string>
<string name="Custom09"><![CDATA[自定义动作09]]></string>
<string name="Custom10"><![CDATA[自定义动作10]]></string>
<string name="EVA Report"><![CDATA[舱外报告]]></string>
<string name="Plant Flag ["><![CDATA[插旗[]]></string>
<string name="Plant Flag [1]"><![CDATA[插旗[1]]]></string>
<string name="Take Surface Sample"><![CDATA[获取地表样本]]></string>
<string name="Review Sample"><![CDATA[查看地表样本]]></string>
<string name="Review Data"><![CDATA[查看数据]]></string>
<string name="Store Experiments"><![CDATA[存储实验数据]]></string>
<string name="Review Stored Data"><![CDATA[查看已存储数据]]></string>
<string name="Disable Crossfeed"><![CDATA[禁止燃料流通]]></string>
<string name="Enable Crossfeed"><![CDATA[允许燃料流通]]></string>

<string name="Action Groups"><![CDATA[动作组]]></string>
<string name="Group Actions"><![CDATA[组内动作]]></string>
<string name="Selection"><![CDATA[选项]]></string>

<string name="Mission Flag"><![CDATA[任务旗帜]]></string>
<string name="Change flag"><![CDATA[设置旗帜]]></string>
<string name="This flag will be used"><![CDATA[这个旗帜只会在]]></string>
<string name="for this mission only"><![CDATA[本次任务使用]]></string>
<string name="Launch"><![CDATA[发射]]></string>
<string name="Delete"><![CDATA[删除]]></string>
<string name="Close"><![CDATA[关闭]]></string>
<string name="Edit"><![CDATA[编辑]]></string>

<string name="Parts with crew capacity"><![CDATA[部件内乘员空间]]></string>
<string name="Available crew"><![CDATA[空闲航天员]]></string>
<string name="Lost"><![CDATA[已失踪]]></string>
<string name="Go to Astronaut Complex"><![CDATA[去航天员训练中心]]></string>
<string name="Reset"><![CDATA[重置]]></string>
<string name="Assigned"><![CDATA[任务中]]></string>
<string name="Applicants"><![CDATA[求职者]]></string>
<string name="Available"><![CDATA[可用]]></string>
<string name="Archives"><![CDATA[档案]]></string>
<string name="All"><![CDATA[全部]]></string>
<string name="Completed"><![CDATA[已完成]]></string>
<string name="Failed"><![CDATA[已失败]]></string>
<string name="Cancelled"><![CDATA[已取消]]></string>
<string name="Clear"><![CDATA[清空]]></string>
<string name="Name"><![CDATA[名字]]></string>
<string name="Fill"><![CDATA[填满]]></string>
<string name="Stages"><![CDATA[级数]]></string>

<string name="Requires:"><![CDATA[需要]]></string>
<string name="Available Parts"><![CDATA[提供的部件]]></string>
<string name="owned"><![CDATA[已拥有]]></string>
<string name="Eva Report"><![CDATA[EVA报告]]></string>
<string name="Mystery Goo"><![CDATA[神秘小粘粘]]></string>
<string name="Surface Sample"><![CDATA[地表样本]]></string>
<string name="Srf Landed"><![CDATA[地表着陆]]></string>
<string name="Flying Low"><![CDATA[低空飞行]]></string>
<string name="Flying High"><![CDATA[高空飞行]]></string>
<string name="In Space Low"><![CDATA[低轨运行]]></string>
<string name="In Space High"><![CDATA[高轨运行]]></string>


<string name="Launch new mission"><![CDATA[启动新任务]]></string>
<string name="Parts"><![CDATA[部件数]]></string>
<string name="Stupidity"><![CDATA[呆萌值]]></string>
<string name="Kerbal Name"><![CDATA[Kerbal名字]]></string>
<string name="Courage"><![CDATA[勇气值]]></string>
<string name="Welcome to the science archives. Please make a selection."><![CDATA[欢迎查看科学档案,请选择一个选项.]]></string>
<string name="Data"><![CDATA[数据]]></string>
<string name="Value"><![CDATA[价值]]></string>

<string name="Nothing selected."><![CDATA[尚未选择.]]></string>



<string name=""><![CDATA[]]></string>

<string name="Resources"><![CDATA[资源]]></string>

<string name="Stage Only"><![CDATA[只显示当前级]]></string>

<string name="Start"><![CDATA[初始]]></string>
<string name="General Rocketry"><![CDATA[初级火箭科学]]></string>
<string name="Survivability"><![CDATA[生命保障]]></string>
<string name="Basic Rocketry"><![CDATA[基本火箭科技]]></string>
<string name="Stability"><![CDATA[稳定技术]]></string>
<string name="Advanced Rocketry"><![CDATA[高级火箭科学]]></string>
<string name="Science Tech"><![CDATA[科研技术]]></string>
<string name="General Construction"><![CDATA[初级构建科技]]></string>
<string name="Flight Control"><![CDATA[飞行控制]]></string>
<string name="Advanced Construction"><![CDATA[高级构建技术]]></string>
<string name="Advanced Flight Control"><![CDATA[高级飞行控制]]></string>
<string name="Electrics"><![CDATA[电子技术]]></string>
<string name="Space Exploration"><![CDATA[太空探索技术]]></string>
<string name="Landing"><![CDATA[着陆技术]]></string>
<string name="Heavy Rocketry"><![CDATA[重型火箭技术]]></string>
<string name="Fuel Systems"><![CDATA[燃料系统]]></string>
<string name="Advanced Exploration"><![CDATA[高级太空探索]]></string>
<string name="Precision Engineering"><![CDATA[高精度工程]]></string>
<string name="Advanced Electrics"><![CDATA[高级电源技术]]></string>
<string name="Specialized Control"><![CDATA[特殊控制]]></string>
<string name="Heavier Rocketry"><![CDATA[超重型火箭技术]]></string>
<string name="Specialized Construction"><![CDATA[特殊构建技术]]></string>
<string name="Aerodynamics"><![CDATA[空气动力学]]></string>
<string name="Advanced Landing"><![CDATA[高级着陆技术]]></string>
<string name="Meta-Materials"><![CDATA[复合材料]]></string>
<string name="Heavy Aerodynamics"><![CDATA[重型空气动力学]]></string>
<string name="Composites"><![CDATA[组装科技]]></string>
<string name="Field Science"><![CDATA[漫游车科技]]></string>
<string name="Nuclear Propulsion"><![CDATA[核动力]]></string>
<string name="Ion Propulsion"><![CDATA[离子推进]]></string>
<string name="Very Heavy Rocketry"><![CDATA[超超重型火箭技术]]></string>
<string name="Supersonic Flight"><![CDATA[超音速飞行技术]]></string>
<string name="Large Electrics"><![CDATA[大型电源技术]]></string>
<string name="Electronics"><![CDATA[电子设备]]></string>
<string name="High Altitude Flight"><![CDATA[高空飞行技术]]></string>
<string name="Unmanned Tech"><![CDATA[无人驾驶技术]]></string>
<string name="Large Control"><![CDATA[大型控制系统]]></string>
<string name="Advanced MetalWorks"><![CDATA[高级金工技术]]></string>
<string name="Advanced Motors"><![CDATA[高级电机]]></string>
<string name="Hypersonic Flight"><![CDATA[高超音速飞行]]></string>
<string name="Large Probes"><![CDATA[大型探测器]]></string>
<string name="Specialized Electrics"><![CDATA[特种电器]]></string>
<string name="Advanced Unmanned Tech"><![CDATA[高级无人驾驶科技]]></string>
<string name="Advanced Science Tech"><![CDATA[高级科研技术]]></string>
<string name="Advanced Aerodynamics"><![CDATA[高级空气动力学]]></string>
<string name="Experimental Rocketry"><![CDATA[试验性火箭技术]]></string>
<string name="Aerospace Tech"><![CDATA[空气动力学技术]]></string>
<string name="Experimental Electrics"><![CDATA[试验性电器]]></string>
<string name="Experimental Aerodynamics"><![CDATA[试验性空气动力学]]></string>
<string name="Experimental Science"><![CDATA[试验性科研技术]]></string>
<string name="Experimental Motors"><![CDATA[试验性电机]]></string>
<string name="Robotics"><![CDATA[机器人科技]]></string>
<string name="Automation"><![CDATA[自动控制]]></string>
<string name="Nanolathing"><![CDATA[纳米材料]]></string>

<string name="Info"><![CDATA[信息]]></string>
<string name="Parameters"><![CDATA[特征]]></string>

<string name="CenterSeat"><![CDATA[中央座位]]></string>
<string name="BottomSeat"><![CDATA[底部座位]]></string>
<string name="RightSeat"><![CDATA[右部座位]]></string>
<string name="LeftSeat"><![CDATA[左部座位]]></string>
<string name="pliotSeat"><![CDATA[驾驶员座位]]></string>
<string name="pliot_Seat"><![CDATA[驾驶员座位]]></string>
<string name="Crew"><![CDATA[乘员]]></string>

<string name="Part count:"><![CDATA[部件数量]]></string>
<string name="Total mass:"><![CDATA[总质量:]]></string>

<string name='[#e6752a]Base:'><![CDATA[[#e6752a]基地:]]></string>
<string name='[#e6752a]EVA:'><![CDATA[[#e6752a]EVA:]]></string>
<string name='[#e6752a]Lander:'><![CDATA[[#e6752a]着陆器:]]></string>
<string name='[#e6752a]Probe:'><![CDATA[[#e6752a]探测器:]]></string>
<string name='[#e6752a]Debri:'><![CDATA[[#e6752a]残骸:]]></string>
<string name='[#e6752a]Flag:'><![CDATA[[#e6752a]旗帜:]]></string>
<string name='[#e6752a]Ship:'><![CDATA[[#e6752a]飞船:]]></string>
<string name='[#e6752a]Rover:'><![CDATA[[#e6752a]漫游器:]]></string>
<string name='[#e6752a]Station:'><![CDATA[[#e6752a]空间站:]]></string>

<string name="[#c8d782]PRELAUNCH"><![CDATA[[#c8d782]准备发射]]></string>
<string name="[#c8d782]ORBITING"><![CDATA[[#c8d782]在轨运行中]]></string>
<string name="[#c8d782]FLYING"><![CDATA[[#c8d782]飞行中]]></string>
<string name="[#c8d782]SUB_ORBITAL"><![CDATA[[#c8d782]亚轨道转移中]]></string>
<string name="[#c8d782]LANDED"><![CDATA[[#c8d782]已着陆]]></string>
<string name="[#c8d782]ESCAPING"><![CDATA[[#c8d782]逃逸中]]></string>
<string name="[#c8d782]SPLASHED"><![CDATA[[#c8d782]已溅落]]></string>

<string name="Run Test"><![CDATA[进行测试]]></string>
<string name="ToggleFlag"><![CDATA[开关旗帜]]></string>
<string name="Disable Motor"><![CDATA[关闭马达]]></string>
<string name="Enable Motor"><![CDATA[开启马达]]></string>
</zh>
